invoice_number,invoice_date,payment_due_date,invoice_type_code,payment_means_type_code,transaction_type,currency_code,tax_category_code,seller_name,seller_trn,seller_address,seller_city,seller_subdivision,seller_country_code,seller_legal_registration,seller_registration_identifier_type,buyer_name,buyer_trn,buyer_address,buyer_city,buyer_subdivision,buyer_country_code,buyer_legal_registration,buyer_registration_identifier_type,line_id,item_name,unit_of_measure,quantity,unit_price,line_net_amount,tax_category,tax_rate,tax_amount,total_without_tax,total_with_tax,amount_due
INV-2026-B-001,2026-04-05,2026-04-22,380,42,B2B,AED,S,Adamas Tech Consulting LLC,100200300400500,Dubai Internet City,Dubai,DU,AE,DED-100200,DED,Enterprise Client 1,100121843059,"Suite 1, Business Center",Dubai,DU,AE,L-500001,DED,1,Enterprise ERP License,EA,8,1200.0,9600.0,S,0.05,480.0,9600.0,10080.0,10080.0
INV-2026-B-002,2026-04-02,2026-04-26,380,42,B2C,AED,E,Adamas Tech Consulting LLC,100200300400500,Dubai Internet City,Dubai,DU,AE,DED-100200,DED,Retail Customer 2,,"Suite 2, Business Center",Ajman,AJ,AE,,,1,Network Infrastructure Gear,EA,7,500.0,3500.0,E,0.0,0.0,3500.0,3500.0,3500.0
INV-2026-B-003,2026-04-05,2026-04-17,380,10,B2C,AED,E,Adamas Tech Consulting LLC,100200300400500,Dubai Internet City,Dubai,DU,AE,DED-100200,DED,Retail Customer 3,,"Suite 3, Business Center",Ajman,AJ,AE,,,1,Data Analytics Workshop,EA,3,100.0,300.0,E,0.0,0.0,300.0,300.0,300.0
INV-2026-B-004,2026-04-03,2026-04-30,380,10,B2C,AED,Z,Adamas Tech Consulting LLC,100200300400500,Dubai Internet City,Dubai,DU,AE,DED-100200,DED,Retail Customer 4,,"Suite 4, Business Center",Dubai,DU,AE,,,1,Compliance Audit Fees,EA,10,1200.0,12000.0,Z,0.0,0.0,12000.0,12000.0,12000.0
INV-2026-B-005,2026-04-06,2026-04-28,380,42,B2C,AED,E,Adamas Tech Consulting LLC,100200300400500,Dubai Internet City,Dubai,DU,AE,DED-100200,DED,Retail Customer 5,,"Suite 5, Business Center",Dubai,DU,AE,,,1,Compliance Audit Fees,EA,7,100.0,700.0,E,0.0,0.0,700.0,700.0,700.0
INV-2026-B-006,2026-04-05,2026-04-27,380,30,B2C,AED,Z,Adamas Tech Consulting LLC,100200300400500,Dubai Internet City,Dubai,DU,AE,DED-100200,DED,Retail Customer 6,,"Suite 6, Business Center",Dubai,DU,AE,,,1,Enterprise ERP License,EA,9,100.0,900.0,Z,0.0,0.0,900.0,900.0,900.0
INV-2026-B-007,2026-04-02,2026-04-19,380,42,B2C,AED,S,Adamas Tech Consulting LLC,100200300400500,Dubai Internet City,Dubai,DU,AE,DED-100200,DED,Retail Customer 7,,"Suite 7, Business Center",Dubai,DU,AE,,,1,Network Infrastructure Gear,EA,6,1200.0,7200.0,S,0.05,360.0,7200.0,7560.0,7560.0
INV-2026-B-008,2026-04-05,2026-04-27,380,42,B2C,AED,S,Adamas Tech Consulting LLC,100200300400500,Dubai Internet City,Dubai,DU,AE,DED-100200,DED,Retail Customer 8,,"Suite 8, Business Center",Ras Al Khaimah,RK,AE,,,1,Managed Security Services,EA,8,1200.0,9600.0,S,0.05,480.0,9600.0,10080.0,10080.0
INV-2026-B-009,2026-04-05,2026-04-24,380,10,B2B,AED,Z,Adamas Tech Consulting LLC,100200300400500,Dubai Internet City,Dubai,DU,AE,DED-100200,DED,Enterprise Client 9,100878893909,"Suite 9, Business Center",Fujairah,FU,AE,L-500009,DED,1,Network Infrastructure Gear,EA,1,2500.0,2500.0,Z,0.0,0.0,2500.0,2500.0,2500.0
INV-2026-B-010,2026-04-01,2026-04-27,380,42,B2C,AED,Z,Adamas Tech Consulting LLC,100200300400500,Dubai Internet City,Dubai,DU,AE,DED-100200,DED,Retail Customer 10,,"Suite 10, Business Center",Abu Dhabi,AZ,AE,,,1,Enterprise ERP License,EA,3,500.0,1500.0,Z,0.0,0.0,1500.0,1500.0,1500.0
INV-2026-B-011,2026-04-01,2026-05-01,380,42,B2B,AED,E,Adamas Tech Consulting LLC,100200300400500,Dubai Internet City,Dubai,DU,AE,DED-100200,DED,Enterprise Client 11,100454659525,"Suite 11, Business Center",Ras Al Khaimah,RK,AE,L-500011,DED,1,Strategic Cloud Consulting,EA,5,500.0,2500.0,E,0.0,0.0,2500.0,2500.0,2500.0
INV-2026-B-012,2026-04-01,2026-04-22,380,42,B2B,AED,S,Adamas Tech Consulting LLC,100200300400500,Dubai Internet City,Dubai,DU,AE,DED-100200,DED,Enterprise Client 12,100222586737,"Suite 12, Business Center",Sharjah,SH,AE,L-500012,DED,1,Compliance Audit Fees,EA,8,2500.0,20000.0,S,0.05,1000.0,20000.0,21000.0,21000.0
INV-2026-B-013,2026-04-04,2026-04-30,380,30,B2B,AED,E,Adamas Tech Consulting LLC,100200300400500,Dubai Internet City,Dubai,DU,AE,DED-100200,DED,Enterprise Client 13,100681611336,"Suite 13, Business Center",Fujairah,FU,AE,L-500013,DED,1,Enterprise ERP License,EA,1,500.0,500.0,E,0.0,0.0,500.0,500.0,500.0
INV-2026-B-014,2026-04-01,2026-04-18,380,42,B2C,AED,E,Adamas Tech Consulting LLC,100200300400500,Dubai Internet City,Dubai,DU,AE,DED-100200,DED,Retail Customer 14,,"Suite 14, Business Center",Umm Al Quwain,UQ,AE,,,1,Compliance Audit Fees,EA,9,2500.0,22500.0,E,0.0,0.0,22500.0,22500.0,22500.0
INV-2026-B-015,2026-04-04,2026-04-16,380,30,B2B,AED,S,Adamas Tech Consulting LLC,100200300400500,Dubai Internet City,Dubai,DU,AE,DED-100200,DED,Enterprise Client 15,100405372298,"Suite 15, Business Center",Fujairah,FU,AE,L-500015,DED,1,Data Analytics Workshop,EA,9,500.0,4500.0,S,0.05,225.0,4500.0,4725.0,4725.0
INV-2026-B-016,2026-04-06,2026-04-16,380,10,B2B,AED,Z,Adamas Tech Consulting LLC,100200300400500,Dubai Internet City,Dubai,DU,AE,DED-100200,DED,Enterprise Client 16,100302630630,"Suite 16, Business Center",Fujairah,FU,AE,L-500016,DED,1,Strategic Cloud Consulting,EA,1,1200.0,1200.0,Z,0.0,0.0,1200.0,1200.0,1200.0
INV-2026-B-017,2026-04-01,2026-04-30,380,30,B2B,AED,Z,Adamas Tech Consulting LLC,100200300400500,Dubai Internet City,Dubai,DU,AE,DED-100200,DED,Enterprise Client 17,100779871958,"Suite 17, Business Center",Ajman,AJ,AE,L-500017,DED,1,Strategic Cloud Consulting,EA,5,1200.0,6000.0,Z,0.0,0.0,6000.0,6000.0,6000.0
INV-2026-B-018,2026-04-02,2026-04-18,380,30,B2C,AED,E,Adamas Tech Consulting LLC,100200300400500,Dubai Internet City,Dubai,DU,AE,DED-100200,DED,Retail Customer 18,,"Suite 18, Business Center",Dubai,DU,AE,,,1,Network Infrastructure Gear,EA,1,2500.0,2500.0,E,0.0,0.0,2500.0,2500.0,2500.0
INV-2026-B-019,2026-04-04,2026-04-26,380,42,B2C,AED,S,Adamas Tech Consulting LLC,100200300400500,Dubai Internet City,Dubai,DU,AE,DED-100200,DED,Retail Customer 19,,"Suite 19, Business Center",Fujairah,FU,AE,,,1,Compliance Audit Fees,EA,6,1200.0,7200.0,S,0.05,360.0,7200.0,7560.0,7560.0
INV-2026-B-020,2026-04-01,2026-04-20,380,30,B2B,AED,E,Adamas Tech Consulting LLC,100200300400500,Dubai Internet City,Dubai,DU,AE,DED-100200,DED,Enterprise Client 20,100561127263,"Suite 20, Business Center",Dubai,DU,AE,L-500020,DED,1,Managed Security Services,EA,3,2500.0,7500.0,E,0.0,0.0,7500.0,7500.0,7500.0
INV-2026-B-021,2026-04-05,2026-04-24,380,30,B2B,AED,S,Adamas Tech Consulting LLC,100200300400500,Dubai Internet City,Dubai,DU,AE,DED-100200,DED,Enterprise Client 21,100326921689,"Suite 21, Business Center",Sharjah,SH,AE,L-500021,DED,1,Strategic Cloud Consulting,EA,6,500.0,3000.0,S,0.05,150.0,3000.0,3150.0,3150.0
INV-2026-B-022,2026-04-01,2026-04-16,380,42,B2B,AED,S,Adamas Tech Consulting LLC,100200300400500,Dubai Internet City,Dubai,DU,AE,DED-100200,DED,Enterprise Client 22,100412396192,"Suite 22, Business Center",Sharjah,SH,AE,L-500022,DED,1,Annual Platform Support,EA,3,500.0,1500.0,S,0.05,75.0,1500.0,1575.0,1575.0
INV-2026-B-023,2026-04-04,2026-04-19,380,30,B2B,AED,Z,Adamas Tech Consulting LLC,100200300400500,Dubai Internet City,Dubai,DU,AE,DED-100200,DED,Enterprise Client 23,100515627544,"Suite 23, Business Center",Ras Al Khaimah,RK,AE,L-500023,DED,1,Data Analytics Workshop,EA,8,2500.0,20000.0,Z,0.0,0.0,20000.0,20000.0,20000.0
INV-2026-B-024,2026-04-04,2026-04-26,380,10,B2C,AED,Z,Adamas Tech Consulting LLC,100200300400500,Dubai Internet City,Dubai,DU,AE,DED-100200,DED,Retail Customer 24,,"Suite 24, Business Center",Umm Al Quwain,UQ,AE,,,1,Data Analytics Workshop,EA,8,1200.0,9600.0,Z,0.0,0.0,9600.0,9600.0,9600.0
INV-2026-B-025,2026-04-05,2026-04-28,380,30,B2B,AED,S,Adamas Tech Consulting LLC,100200300400500,Dubai Internet City,Dubai,DU,AE,DED-100200,DED,Enterprise Client 25,100538593129,"Suite 25, Business Center",Abu Dhabi,AZ,AE,L-500025,DED,1,Compliance Audit Fees,EA,7,100.0,700.0,S,0.05,35.0,700.0,735.0,735.0
INV-2026-B-026,2026-04-01,2026-04-21,380,42,B2C,AED,E,Adamas Tech Consulting LLC,100200300400500,Dubai Internet City,Dubai,DU,AE,DED-100200,DED,Retail Customer 26,,"Suite 26, Business Center",Fujairah,FU,AE,,,1,Enterprise ERP License,EA,10,100.0,1000.0,E,0.0,0.0,1000.0,1000.0,1000.0
INV-2026-B-027,2026-04-03,2026-04-28,380,10,B2B,AED,E,Adamas Tech Consulting LLC,100200300400500,Dubai Internet City,Dubai,DU,AE,DED-100200,DED,Enterprise Client 27,100659344685,"Suite 27, Business Center",Ajman,AJ,AE,L-500027,DED,1,Strategic Cloud Consulting,EA,2,100.0,200.0,E,0.0,0.0,200.0,200.0,200.0
INV-2026-B-028,2026-04-04,2026-04-30,380,10,B2B,AED,S,Adamas Tech Consulting LLC,100200300400500,Dubai Internet City,Dubai,DU,AE,DED-100200,DED,Enterprise Client 28,100593538779,"Suite 28, Business Center",Abu Dhabi,AZ,AE,L-500028,DED,1,Network Infrastructure Gear,EA,10,1200.0,12000.0,S,0.05,600.0,12000.0,12600.0,12600.0
INV-2026-B-029,2026-04-05,2026-05-01,380,10,B2C,AED,Z,Adamas Tech Consulting LLC,100200300400500,Dubai Internet City,Dubai,DU,AE,DED-100200,DED,Retail Customer 29,,"Suite 29, Business Center",Abu Dhabi,AZ,AE,,,1,Managed Security Services,EA,3,2500.0,7500.0,Z,0.0,0.0,7500.0,7500.0,7500.0
INV-2026-B-030,2026-04-03,2026-04-23,380,10,B2B,AED,Z,Adamas Tech Consulting LLC,100200300400500,Dubai Internet City,Dubai,DU,AE,DED-100200,DED,Enterprise Client 30,100380610266,"Suite 30, Business Center",Dubai,DU,AE,L-500030,DED,1,Data Analytics Workshop,EA,8,100.0,800.0,Z,0.0,0.0,800.0,800.0,800.0
INV-2026-B-031,2026-04-01,2026-04-28,380,10,B2B,AED,S,Adamas Tech Consulting LLC,100200300400500,Dubai Internet City,Dubai,DU,AE,DED-100200,DED,Enterprise Client 31,100195380100,"Suite 31, Business Center",Ras Al Khaimah,RK,AE,L-500031,DED,1,Network Infrastructure Gear,EA,3,500.0,1500.0,S,0.05,75.0,1500.0,1575.0,1575.0
INV-2026-B-032,2026-04-05,2026-04-22,380,10,B2B,AED,S,Adamas Tech Consulting LLC,100200300400500,Dubai Internet City,Dubai,DU,AE,DED-100200,DED,Enterprise Client 32,100596065010,"Suite 32, Business Center",Dubai,DU,AE,L-500032,DED,1,Data Analytics Workshop,EA,2,1200.0,2400.0,S,0.05,120.0,2400.0,2520.0,2520.0
INV-2026-B-033,2026-04-02,2026-04-23,380,30,B2C,AED,S,Adamas Tech Consulting LLC,100200300400500,Dubai Internet City,Dubai,DU,AE,DED-100200,DED,Retail Customer 33,,"Suite 33, Business Center",Umm Al Quwain,UQ,AE,,,1,Enterprise ERP License,EA,9,1200.0,10800.0,S,0.05,540.0,10800.0,11340.0,11340.0
INV-2026-B-034,2026-04-05,2026-04-19,380,42,B2B,AED,S,Adamas Tech Consulting LLC,100200300400500,Dubai Internet City,Dubai,DU,AE,DED-100200,DED,Enterprise Client 34,100520460083,"Suite 34, Business Center",Ajman,AJ,AE,L-500034,DED,1,Strategic Cloud Consulting,EA,10,100.0,1000.0,S,0.05,50.0,1000.0,1050.0,1050.0
INV-2026-B-035,2026-04-04,2026-04-28,380,30,B2C,AED,Z,Adamas Tech Consulting LLC,100200300400500,Dubai Internet City,Dubai,DU,AE,DED-100200,DED,Retail Customer 35,,"Suite 35, Business Center",Sharjah,SH,AE,,,1,Strategic Cloud Consulting,EA,4,500.0,2000.0,Z,0.0,0.0,2000.0,2000.0,2000.0
INV-2026-B-036,2026-04-03,2026-04-19,380,10,B2B,AED,S,Adamas Tech Consulting LLC,100200300400500,Dubai Internet City,Dubai,DU,AE,DED-100200,DED,Enterprise Client 36,100666640227,"Suite 36, Business Center",Fujairah,FU,AE,L-500036,DED,1,Network Infrastructure Gear,EA,3,2500.0,7500.0,S,0.05,375.0,7500.0,7875.0,7875.0
INV-2026-B-037,2026-04-05,2026-04-17,380,30,B2C,AED,S,Adamas Tech Consulting LLC,100200300400500,Dubai Internet City,Dubai,DU,AE,DED-100200,DED,Retail Customer 37,,"Suite 37, Business Center",Fujairah,FU,AE,,,1,Managed Security Services,EA,10,500.0,5000.0,S,0.05,250.0,5000.0,5250.0,5250.0
INV-2026-B-038,2026-04-05,2026-04-28,380,42,B2B,AED,Z,Adamas Tech Consulting LLC,100200300400500,Dubai Internet City,Dubai,DU,AE,DED-100200,DED,Enterprise Client 38,100157011094,"Suite 38, Business Center",Umm Al Quwain,UQ,AE,L-500038,DED,1,Enterprise ERP License,EA,6,2500.0,15000.0,Z,0.0,0.0,15000.0,15000.0,15000.0
INV-2026-B-039,2026-04-02,2026-04-25,380,42,B2B,AED,Z,Adamas Tech Consulting LLC,100200300400500,Dubai Internet City,Dubai,DU,AE,DED-100200,DED,Enterprise Client 39,100689775773,"Suite 39, Business Center",Fujairah,FU,AE,L-500039,DED,1,Enterprise ERP License,EA,9,100.0,900.0,Z,0.0,0.0,900.0,900.0,900.0
INV-2026-B-040,2026-04-03,2026-04-26,380,42,B2C,AED,Z,Adamas Tech Consulting LLC,100200300400500,Dubai Internet City,Dubai,DU,AE,DED-100200,DED,Retail Customer 40,,"Suite 40, Business Center",Umm Al Quwain,UQ,AE,,,1,Annual Platform Support,EA,10,500.0,5000.0,Z,0.0,0.0,5000.0,5000.0,5000.0
INV-2026-B-041,2026-04-01,2026-04-18,380,30,B2B,AED,S,Adamas Tech Consulting LLC,100200300400500,Dubai Internet City,Dubai,DU,AE,DED-100200,DED,Enterprise Client 41,100392386837,"Suite 41, Business Center",Dubai,DU,AE,L-500041,DED,1,Managed Security Services,EA,10,500.0,5000.0,S,0.05,250.0,5000.0,5250.0,5250.0
INV-2026-B-042,2026-04-05,2026-04-25,380,10,B2C,AED,Z,Adamas Tech Consulting LLC,100200300400500,Dubai Internet City,Dubai,DU,AE,DED-100200,DED,Retail Customer 42,,"Suite 42, Business Center",Sharjah,SH,AE,,,1,Annual Platform Support,EA,4,100.0,400.0,Z,0.0,0.0,400.0,400.0,400.0
INV-2026-B-043,2026-04-01,2026-05-01,380,30,B2C,AED,E,Adamas Tech Consulting LLC,100200300400500,Dubai Internet City,Dubai,DU,AE,DED-100200,DED,Retail Customer 43,,"Suite 43, Business Center",Ajman,AJ,AE,,,1,Compliance Audit Fees,EA,2,2500.0,5000.0,E,0.0,0.0,5000.0,5000.0,5000.0
INV-2026-B-044,2026-04-02,2026-04-30,380,10,B2C,AED,Z,Adamas Tech Consulting LLC,100200300400500,Dubai Internet City,Dubai,DU,AE,DED-100200,DED,Retail Customer 44,,"Suite 44, Business Center",Dubai,DU,AE,,,1,Strategic Cloud Consulting,EA,10,2500.0,25000.0,Z,0.0,0.0,25000.0,25000.0,25000.0
INV-2026-B-045,2026-04-06,2026-04-22,380,42,B2B,AED,S,Adamas Tech Consulting LLC,100200300400500,Dubai Internet City,Dubai,DU,AE,DED-100200,DED,Enterprise Client 45,100657709726,"Suite 45, Business Center",Abu Dhabi,AZ,AE,L-500045,DED,1,Compliance Audit Fees,EA,1,2500.0,2500.0,S,0.05,125.0,2500.0,2625.0,2625.0
INV-2026-B-046,2026-04-05,2026-04-24,380,10,B2C,AED,Z,Adamas Tech Consulting LLC,100200300400500,Dubai Internet City,Dubai,DU,AE,DED-100200,DED,Retail Customer 46,,"Suite 46, Business Center",Abu Dhabi,AZ,AE,,,1,Network Infrastructure Gear,EA,6,500.0,3000.0,Z,0.0,0.0,3000.0,3000.0,3000.0
INV-2026-B-047,2026-04-01,2026-04-26,380,10,B2B,AED,Z,Adamas Tech Consulting LLC,100200300400500,Dubai Internet City,Dubai,DU,AE,DED-100200,DED,Enterprise Client 47,100544339406,"Suite 47, Business Center",Umm Al Quwain,UQ,AE,L-500047,DED,1,Managed Security Services,EA,4,500.0,2000.0,Z,0.0,0.0,2000.0,2000.0,2000.0
INV-2026-B-048,2026-04-05,2026-04-19,380,30,B2C,AED,E,Adamas Tech Consulting LLC,100200300400500,Dubai Internet City,Dubai,DU,AE,DED-100200,DED,Retail Customer 48,,"Suite 48, Business Center",Fujairah,FU,AE,,,1,Compliance Audit Fees,EA,1,2500.0,2500.0,E,0.0,0.0,2500.0,2500.0,2500.0
INV-2026-B-049,2026-04-03,2026-04-28,380,30,B2C,AED,E,Adamas Tech Consulting LLC,100200300400500,Dubai Internet City,Dubai,DU,AE,DED-100200,DED,Retail Customer 49,,"Suite 49, Business Center",Sharjah,SH,AE,,,1,Annual Platform Support,EA,5,500.0,2500.0,E,0.0,0.0,2500.0,2500.0,2500.0
INV-2026-B-050,2026-04-05,2026-04-21,380,42,B2C,AED,S,Adamas Tech Consulting LLC,100200300400500,Dubai Internet City,Dubai,DU,AE,DED-100200,DED,Retail Customer 50,,"Suite 50, Business Center",Sharjah,SH,AE,,,1,Managed Security Services,EA,4,2500.0,10000.0,S,0.05,500.0,10000.0,10500.0,10500.0
INV-2026-B-051,2026-04-03,2026-04-25,380,30,B2B,AED,E,Adamas Tech Consulting LLC,100200300400500,Dubai Internet City,Dubai,DU,AE,DED-100200,DED,Enterprise Client 51,100159283118,"Suite 51, Business Center",Abu Dhabi,AZ,AE,L-500051,DED,1,Compliance Audit Fees,EA,2,2500.0,5000.0,E,0.0,0.0,5000.0,5000.0,5000.0
INV-2026-B-052,2026-04-01,2026-04-18,380,30,B2B,AED,E,Adamas Tech Consulting LLC,100200300400500,Dubai Internet City,Dubai,DU,AE,DED-100200,DED,Enterprise Client 52,100180930586,"Suite 52, Business Center",Ajman,AJ,AE,L-500052,DED,1,Network Infrastructure Gear,EA,1,500.0,500.0,E,0.0,0.0,500.0,500.0,500.0
INV-2026-B-053,2026-04-03,2026-04-30,380,30,B2B,AED,Z,Adamas Tech Consulting LLC,100200300400500,Dubai Internet City,Dubai,DU,AE,DED-100200,DED,Enterprise Client 53,100993391516,"Suite 53, Business Center",Ras Al Khaimah,RK,AE,L-500053,DED,1,Annual Platform Support,EA,10,500.0,5000.0,Z,0.0,0.0,5000.0,5000.0,5000.0
INV-2026-B-054,2026-04-06,2026-05-01,380,42,B2B,AED,Z,Adamas Tech Consulting LLC,100200300400500,Dubai Internet City,Dubai,DU,AE,DED-100200,DED,Enterprise Client 54,100868265817,"Suite 54, Business Center",Umm Al Quwain,UQ,AE,L-500054,DED,1,Enterprise ERP License,EA,9,100.0,900.0,Z,0.0,0.0,900.0,900.0,900.0
INV-2026-B-055,2026-04-06,2026-04-21,380,42,B2B,AED,S,Adamas Tech Consulting LLC,100200300400500,Dubai Internet City,Dubai,DU,AE,DED-100200,DED,Enterprise Client 55,100621183432,"Suite 55, Business Center",Ras Al Khaimah,RK,AE,L-500055,DED,1,Compliance Audit Fees,EA,7,1200.0,8400.0,S,0.05,420.0,8400.0,8820.0,8820.0
INV-2026-B-056,2026-04-01,2026-04-18,380,42,B2C,AED,S,Adamas Tech Consulting LLC,100200300400500,Dubai Internet City,Dubai,DU,AE,DED-100200,DED,Retail Customer 56,,"Suite 56, Business Center",Ras Al Khaimah,RK,AE,,,1,Enterprise ERP License,EA,4,2500.0,10000.0,S,0.05,500.0,10000.0,10500.0,10500.0
INV-2026-B-057,2026-04-06,2026-04-30,380,10,B2B,AED,Z,Adamas Tech Consulting LLC,100200300400500,Dubai Internet City,Dubai,DU,AE,DED-100200,DED,Enterprise Client 57,100178820360,"Suite 57, Business Center",Fujairah,FU,AE,L-500057,DED,1,Strategic Cloud Consulting,EA,1,500.0,500.0,Z,0.0,0.0,500.0,500.0,500.0
INV-2026-B-058,2026-04-02,2026-04-23,380,10,B2B,AED,S,Adamas Tech Consulting LLC,100200300400500,Dubai Internet City,Dubai,DU,AE,DED-100200,DED,Enterprise Client 58,100630987188,"Suite 58, Business Center",Sharjah,SH,AE,L-500058,DED,1,Strategic Cloud Consulting,EA,4,2500.0,10000.0,S,0.05,500.0,10000.0,10500.0,10500.0
INV-2026-B-059,2026-04-04,2026-04-28,380,10,B2B,AED,E,Adamas Tech Consulting LLC,100200300400500,Dubai Internet City,Dubai,DU,AE,DED-100200,DED,Enterprise Client 59,100758055597,"Suite 59, Business Center",Sharjah,SH,AE,L-500059,DED,1,Enterprise ERP License,EA,4,500.0,2000.0,E,0.0,0.0,2000.0,2000.0,2000.0
INV-2026-B-060,2026-04-06,2026-04-27,380,42,B2C,AED,E,Adamas Tech Consulting LLC,100200300400500,Dubai Internet City,Dubai,DU,AE,DED-100200,DED,Retail Customer 60,,"Suite 60, Business Center",Sharjah,SH,AE,,,1,Data Analytics Workshop,EA,1,500.0,500.0,E,0.0,0.0,500.0,500.0,500.0
INV-2026-B-061,2026-04-06,2026-04-23,380,42,B2B,AED,E,Adamas Tech Consulting LLC,100200300400500,Dubai Internet City,Dubai,DU,AE,DED-100200,DED,Enterprise Client 61,100460580763,"Suite 61, Business Center",Abu Dhabi,AZ,AE,L-500061,DED,1,Annual Platform Support,EA,5,2500.0,12500.0,E,0.0,0.0,12500.0,12500.0,12500.0
INV-2026-B-062,2026-04-01,2026-04-18,380,42,B2C,AED,Z,Adamas Tech Consulting LLC,100200300400500,Dubai Internet City,Dubai,DU,AE,DED-100200,DED,Retail Customer 62,,"Suite 62, Business Center",Ajman,AJ,AE,,,1,Annual Platform Support,EA,7,100.0,700.0,Z,0.0,0.0,700.0,700.0,700.0
INV-2026-B-063,2026-04-02,2026-04-26,380,30,B2B,AED,S,Adamas Tech Consulting LLC,100200300400500,Dubai Internet City,Dubai,DU,AE,DED-100200,DED,Enterprise Client 63,100857688070,"Suite 63, Business Center",Abu Dhabi,AZ,AE,L-500063,DED,1,Annual Platform Support,EA,3,100.0,300.0,S,0.05,15.0,300.0,315.0,315.0
INV-2026-B-064,2026-04-01,2026-04-16,380,30,B2C,AED,S,Adamas Tech Consulting LLC,100200300400500,Dubai Internet City,Dubai,DU,AE,DED-100200,DED,Retail Customer 64,,"Suite 64, Business Center",Abu Dhabi,AZ,AE,,,1,Strategic Cloud Consulting,EA,5,100.0,500.0,S,0.05,25.0,500.0,525.0,525.0
INV-2026-B-065,2026-04-03,2026-04-21,380,10,B2B,AED,S,Adamas Tech Consulting LLC,100200300400500,Dubai Internet City,Dubai,DU,AE,DED-100200,DED,Enterprise Client 65,100685240743,"Suite 65, Business Center",Ajman,AJ,AE,L-500065,DED,1,Network Infrastructure Gear,EA,3,1200.0,3600.0,S,0.05,180.0,3600.0,3780.0,3780.0
INV-2026-B-066,2026-04-01,2026-04-28,380,10,B2B,AED,Z,Adamas Tech Consulting LLC,100200300400500,Dubai Internet City,Dubai,DU,AE,DED-100200,DED,Enterprise Client 66,100174977083,"Suite 66, Business Center",Sharjah,SH,AE,L-500066,DED,1,Enterprise ERP License,EA,7,100.0,700.0,Z,0.0,0.0,700.0,700.0,700.0
INV-2026-B-067,2026-04-04,2026-04-26,380,42,B2B,AED,S,Adamas Tech Consulting LLC,100200300400500,Dubai Internet City,Dubai,DU,AE,DED-100200,DED,Enterprise Client 67,100873393186,"Suite 67, Business Center",Ajman,AJ,AE,L-500067,DED,1,Annual Platform Support,EA,4,100.0,400.0,S,0.05,20.0,400.0,420.0,420.0
INV-2026-B-068,2026-04-05,2026-04-30,380,30,B2B,AED,Z,Adamas Tech Consulting LLC,100200300400500,Dubai Internet City,Dubai,DU,AE,DED-100200,DED,Enterprise Client 68,100565536566,"Suite 68, Business Center",Fujairah,FU,AE,L-500068,DED,1,Annual Platform Support,EA,8,100.0,800.0,Z,0.0,0.0,800.0,800.0,800.0
INV-2026-B-069,2026-04-03,2026-04-22,380,10,B2B,AED,E,Adamas Tech Consulting LLC,100200300400500,Dubai Internet City,Dubai,DU,AE,DED-100200,DED,Enterprise Client 69,100507048367,"Suite 69, Business Center",Ajman,AJ,AE,L-500069,DED,1,Network Infrastructure Gear,EA,8,1200.0,9600.0,E,0.0,0.0,9600.0,9600.0,9600.0
INV-2026-B-070,2026-04-02,2026-04-28,380,30,B2C,AED,S,Adamas Tech Consulting LLC,100200300400500,Dubai Internet City,Dubai,DU,AE,DED-100200,DED,Retail Customer 70,,"Suite 70, Business Center",Sharjah,SH,AE,,,1,Managed Security Services,EA,4,2500.0,10000.0,S,0.05,500.0,10000.0,10500.0,10500.0
INV-2026-B-071,2026-04-06,2026-04-16,380,30,B2B,AED,E,Adamas Tech Consulting LLC,100200300400500,Dubai Internet City,Dubai,DU,AE,DED-100200,DED,Enterprise Client 71,100846968277,"Suite 71, Business Center",Ajman,AJ,AE,L-500071,DED,1,Compliance Audit Fees,EA,1,2500.0,2500.0,E,0.0,0.0,2500.0,2500.0,2500.0
INV-2026-B-072,2026-04-06,2026-04-21,380,30,B2C,AED,E,Adamas Tech Consulting LLC,100200300400500,Dubai Internet City,Dubai,DU,AE,DED-100200,DED,Retail Customer 72,,"Suite 72, Business Center",Abu Dhabi,AZ,AE,,,1,Managed Security Services,EA,9,2500.0,22500.0,E,0.0,0.0,22500.0,22500.0,22500.0
INV-2026-B-073,2026-04-05,2026-04-16,380,10,B2B,AED,Z,Adamas Tech Consulting LLC,100200300400500,Dubai Internet City,Dubai,DU,AE,DED-100200,DED,Enterprise Client 73,100519557271,"Suite 73, Business Center",Ajman,AJ,AE,L-500073,DED,1,Strategic Cloud Consulting,EA,3,1200.0,3600.0,Z,0.0,0.0,3600.0,3600.0,3600.0
INV-2026-B-074,2026-04-05,2026-04-29,380,42,B2B,AED,Z,Adamas Tech Consulting LLC,100200300400500,Dubai Internet City,Dubai,DU,AE,DED-100200,DED,Enterprise Client 74,100344323176,"Suite 74, Business Center",Abu Dhabi,AZ,AE,L-500074,DED,1,Annual Platform Support,EA,10,1200.0,12000.0,Z,0.0,0.0,12000.0,12000.0,12000.0
INV-2026-B-075,2026-04-03,2026-04-26,380,30,B2B,AED,S,Adamas Tech Consulting LLC,100200300400500,Dubai Internet City,Dubai,DU,AE,DED-100200,DED,Enterprise Client 75,100730713542,"Suite 75, Business Center",Fujairah,FU,AE,L-500075,DED,1,Enterprise ERP License,EA,4,500.0,2000.0,S,0.05,100.0,2000.0,2100.0,2100.0
INV-2026-B-076,2026-04-06,2026-04-25,380,10,B2C,AED,Z,Adamas Tech Consulting LLC,100200300400500,Dubai Internet City,Dubai,DU,AE,DED-100200,DED,Retail Customer 76,,"Suite 76, Business Center",Dubai,DU,AE,,,1,Data Analytics Workshop,EA,1,1200.0,1200.0,Z,0.0,0.0,1200.0,1200.0,1200.0
INV-2026-B-077,2026-04-05,2026-04-23,380,42,B2B,AED,Z,Adamas Tech Consulting LLC,100200300400500,Dubai Internet City,Dubai,DU,AE,DED-100200,DED,Enterprise Client 77,100961654395,"Suite 77, Business Center",Abu Dhabi,AZ,AE,L-500077,DED,1,Network Infrastructure Gear,EA,8,100.0,800.0,Z,0.0,0.0,800.0,800.0,800.0
INV-2026-B-078,2026-04-01,2026-04-21,380,30,B2B,AED,S,Adamas Tech Consulting LLC,100200300400500,Dubai Internet City,Dubai,DU,AE,DED-100200,DED,Enterprise Client 78,100671351616,"Suite 78, Business Center",Fujairah,FU,AE,L-500078,DED,1,Compliance Audit Fees,EA,5,2500.0,12500.0,S,0.05,625.0,12500.0,13125.0,13125.0
INV-2026-B-079,2026-04-01,2026-04-18,380,30,B2B,AED,Z,Adamas Tech Consulting LLC,100200300400500,Dubai Internet City,Dubai,DU,AE,DED-100200,DED,Enterprise Client 79,100849980301,"Suite 79, Business Center",Fujairah,FU,AE,L-500079,DED,1,Compliance Audit Fees,EA,3,500.0,1500.0,Z,0.0,0.0,1500.0,1500.0,1500.0
INV-2026-B-080,2026-04-01,2026-04-18,380,10,B2C,AED,E,Adamas Tech Consulting LLC,100200300400500,Dubai Internet City,Dubai,DU,AE,DED-100200,DED,Retail Customer 80,,"Suite 80, Business Center",Abu Dhabi,AZ,AE,,,1,Data Analytics Workshop,EA,6,100.0,600.0,E,0.0,0.0,600.0,600.0,600.0
INV-2026-B-081,2026-04-01,2026-04-23,380,10,B2B,AED,E,Adamas Tech Consulting LLC,100200300400500,Dubai Internet City,Dubai,DU,AE,DED-100200,DED,Enterprise Client 81,100697853774,"Suite 81, Business Center",Ajman,AJ,AE,L-500081,DED,1,Enterprise ERP License,EA,5,1200.0,6000.0,E,0.0,0.0,6000.0,6000.0,6000.0
INV-2026-B-082,2026-04-03,2026-04-27,380,30,B2C,AED,Z,Adamas Tech Consulting LLC,100200300400500,Dubai Internet City,Dubai,DU,AE,DED-100200,DED,Retail Customer 82,,"Suite 82, Business Center",Ajman,AJ,AE,,,1,Compliance Audit Fees,EA,10,1200.0,12000.0,Z,0.0,0.0,12000.0,12000.0,12000.0
INV-2026-B-083,2026-04-06,2026-04-21,380,10,B2C,AED,Z,Adamas Tech Consulting LLC,100200300400500,Dubai Internet City,Dubai,DU,AE,DED-100200,DED,Retail Customer 83,,"Suite 83, Business Center",Umm Al Quwain,UQ,AE,,,1,Strategic Cloud Consulting,EA,2,500.0,1000.0,Z,0.0,0.0,1000.0,1000.0,1000.0
INV-2026-B-084,2026-04-01,2026-04-21,380,10,B2B,AED,Z,Adamas Tech Consulting LLC,100200300400500,Dubai Internet City,Dubai,DU,AE,DED-100200,DED,Enterprise Client 84,100289117553,"Suite 84, Business Center",Ajman,AJ,AE,L-500084,DED,1,Enterprise ERP License,EA,9,500.0,4500.0,Z,0.0,0.0,4500.0,4500.0,4500.0
INV-2026-B-085,2026-04-03,2026-04-26,380,30,B2B,AED,S,Adamas Tech Consulting LLC,100200300400500,Dubai Internet City,Dubai,DU,AE,DED-100200,DED,Enterprise Client 85,100483011944,"Suite 85, Business Center",Dubai,DU,AE,L-500085,DED,1,Network Infrastructure Gear,EA,7,500.0,3500.0,S,0.05,175.0,3500.0,3675.0,3675.0
INV-2026-B-086,2026-04-05,2026-04-20,380,30,B2B,AED,S,Adamas Tech Consulting LLC,100200300400500,Dubai Internet City,Dubai,DU,AE,DED-100200,DED,Enterprise Client 86,100908431027,"Suite 86, Business Center",Sharjah,SH,AE,L-500086,DED,1,Network Infrastructure Gear,EA,4,2500.0,10000.0,S,0.05,500.0,10000.0,10500.0,10500.0
INV-2026-B-087,2026-04-04,2026-04-26,380,10,B2C,AED,S,Adamas Tech Consulting LLC,100200300400500,Dubai Internet City,Dubai,DU,AE,DED-100200,DED,Retail Customer 87,,"Suite 87, Business Center",Umm Al Quwain,UQ,AE,,,1,Enterprise ERP License,EA,8,500.0,4000.0,S,0.05,200.0,4000.0,4200.0,4200.0
INV-2026-B-088,2026-04-03,2026-04-19,380,42,B2B,AED,E,Adamas Tech Consulting LLC,100200300400500,Dubai Internet City,Dubai,DU,AE,DED-100200,DED,Enterprise Client 88,100929741793,"Suite 88, Business Center",Abu Dhabi,AZ,AE,L-500088,DED,1,Compliance Audit Fees,EA,5,100.0,500.0,E,0.0,0.0,500.0,500.0,500.0
INV-2026-B-089,2026-04-02,2026-04-22,380,10,B2B,AED,S,Adamas Tech Consulting LLC,100200300400500,Dubai Internet City,Dubai,DU,AE,DED-100200,DED,Enterprise Client 89,100274098899,"Suite 89, Business Center",Ras Al Khaimah,RK,AE,L-500089,DED,1,Data Analytics Workshop,EA,1,1200.0,1200.0,S,0.05,60.0,1200.0,1260.0,1260.0
INV-2026-B-090,2026-04-03,2026-04-22,380,42,B2B,AED,Z,Adamas Tech Consulting LLC,100200300400500,Dubai Internet City,Dubai,DU,AE,DED-100200,DED,Enterprise Client 90,100339983853,"Suite 90, Business Center",Abu Dhabi,AZ,AE,L-500090,DED,1,Data Analytics Workshop,EA,2,500.0,1000.0,Z,0.0,0.0,1000.0,1000.0,1000.0
INV-2026-B-091,2026-04-02,2026-04-30,380,10,B2B,AED,E,Adamas Tech Consulting LLC,100200300400500,Dubai Internet City,Dubai,DU,AE,DED-100200,DED,Enterprise Client 91,100785185066,"Suite 91, Business Center",Umm Al Quwain,UQ,AE,L-500091,DED,1,Annual Platform Support,EA,7,500.0,3500.0,E,0.0,0.0,3500.0,3500.0,3500.0
INV-2026-B-092,2026-04-03,2026-04-20,380,10,B2B,AED,E,Adamas Tech Consulting LLC,100200300400500,Dubai Internet City,Dubai,DU,AE,DED-100200,DED,Enterprise Client 92,100953822050,"Suite 92, Business Center",Umm Al Quwain,UQ,AE,L-500092,DED,1,Enterprise ERP License,EA,10,1200.0,12000.0,E,0.0,0.0,12000.0,12000.0,12000.0
INV-2026-B-093,2026-04-05,2026-04-24,380,42,B2B,AED,E,Adamas Tech Consulting LLC,100200300400500,Dubai Internet City,Dubai,DU,AE,DED-100200,DED,Enterprise Client 93,100913044449,"Suite 93, Business Center",Umm Al Quwain,UQ,AE,L-500093,DED,1,Data Analytics Workshop,EA,7,500.0,3500.0,E,0.0,0.0,3500.0,3500.0,3500.0
INV-2026-B-094,2026-04-06,2026-04-26,380,42,B2B,AED,S,Adamas Tech Consulting LLC,100200300400500,Dubai Internet City,Dubai,DU,AE,DED-100200,DED,Enterprise Client 94,100275247129,"Suite 94, Business Center",Ajman,AJ,AE,L-500094,DED,1,Annual Platform Support,EA,3,2500.0,7500.0,S,0.05,375.0,7500.0,7875.0,7875.0
INV-2026-B-095,2026-04-06,2026-04-30,380,30,B2C,AED,E,Adamas Tech Consulting LLC,100200300400500,Dubai Internet City,Dubai,DU,AE,DED-100200,DED,Retail Customer 95,,"Suite 95, Business Center",Ras Al Khaimah,RK,AE,,,1,Network Infrastructure Gear,EA,9,1200.0,10800.0,E,0.0,0.0,10800.0,10800.0,10800.0
INV-2026-B-096,2026-04-02,2026-04-23,380,10,B2B,AED,S,Adamas Tech Consulting LLC,100200300400500,Dubai Internet City,Dubai,DU,AE,DED-100200,DED,Enterprise Client 96,100366903048,"Suite 96, Business Center",Umm Al Quwain,UQ,AE,L-500096,DED,1,Annual Platform Support,EA,8,500.0,4000.0,S,0.05,200.0,4000.0,4200.0,4200.0
INV-2026-B-097,2026-04-06,2026-04-26,380,42,B2C,AED,S,Adamas Tech Consulting LLC,100200300400500,Dubai Internet City,Dubai,DU,AE,DED-100200,DED,Retail Customer 97,,"Suite 97, Business Center",Ajman,AJ,AE,,,1,Data Analytics Workshop,EA,5,2500.0,12500.0,S,0.05,625.0,12500.0,13125.0,13125.0
INV-2026-B-098,2026-04-01,2026-04-21,380,30,B2C,AED,E,Adamas Tech Consulting LLC,100200300400500,Dubai Internet City,Dubai,DU,AE,DED-100200,DED,Retail Customer 98,,"Suite 98, Business Center",Dubai,DU,AE,,,1,Data Analytics Workshop,EA,3,500.0,1500.0,E,0.0,0.0,1500.0,1500.0,1500.0
INV-2026-B-099,2026-04-05,2026-04-29,380,10,B2B,AED,Z,Adamas Tech Consulting LLC,100200300400500,Dubai Internet City,Dubai,DU,AE,DED-100200,DED,Enterprise Client 99,100830341506,"Suite 99, Business Center",Umm Al Quwain,UQ,AE,L-500099,DED,1,Enterprise ERP License,EA,9,1200.0,10800.0,Z,0.0,0.0,10800.0,10800.0,10800.0
INV-2026-B-100,2026-04-03,2026-05-01,380,30,B2B,AED,E,Adamas Tech Consulting LLC,100200300400500,Dubai Internet City,Dubai,DU,AE,DED-100200,DED,Enterprise Client 100,100704143503,"Suite 100, Business Center",Dubai,DU,AE,L-500100,DED,1,Annual Platform Support,EA,2,100.0,200.0,E,0.0,0.0,200.0,200.0,200.0
INV-2026-B-101,2026-04-04,2026-04-30,380,10,B2B,AED,E,Adamas Tech Consulting LLC,100200300400500,Dubai Internet City,Dubai,DU,AE,DED-100200,DED,Enterprise Client 101,100303938147,"Suite 101, Business Center",Abu Dhabi,AZ,AE,L-500101,DED,1,Compliance Audit Fees,EA,9,100.0,900.0,E,0.0,0.0,900.0,900.0,900.0
INV-2026-B-102,2026-04-04,2026-04-29,380,42,B2B,AED,S,Adamas Tech Consulting LLC,100200300400500,Dubai Internet City,Dubai,DU,AE,DED-100200,DED,Enterprise Client 102,100207770279,"Suite 102, Business Center",Sharjah,SH,AE,L-500102,DED,1,Enterprise ERP License,EA,2,500.0,1000.0,S,0.05,50.0,1000.0,1050.0,1050.0
INV-2026-B-103,2026-04-03,2026-04-25,380,42,B2C,AED,E,Adamas Tech Consulting LLC,100200300400500,Dubai Internet City,Dubai,DU,AE,DED-100200,DED,Retail Customer 103,,"Suite 103, Business Center",Ras Al Khaimah,RK,AE,,,1,Compliance Audit Fees,EA,3,1200.0,3600.0,E,0.0,0.0,3600.0,3600.0,3600.0
INV-2026-B-104,2026-04-02,2026-04-27,380,42,B2C,AED,E,Adamas Tech Consulting LLC,100200300400500,Dubai Internet City,Dubai,DU,AE,DED-100200,DED,Retail Customer 104,,"Suite 104, Business Center",Abu Dhabi,AZ,AE,,,1,Network Infrastructure Gear,EA,10,500.0,5000.0,E,0.0,0.0,5000.0,5000.0,5000.0
INV-2026-B-105,2026-04-06,2026-04-22,380,30,B2C,AED,Z,Adamas Tech Consulting LLC,100200300400500,Dubai Internet City,Dubai,DU,AE,DED-100200,DED,Retail Customer 105,,"Suite 105, Business Center",Fujairah,FU,AE,,,1,Data Analytics Workshop,EA,8,1200.0,9600.0,Z,0.0,0.0,9600.0,9600.0,9600.0
INV-2026-B-106,2026-04-01,2026-04-30,380,10,B2C,AED,E,Adamas Tech Consulting LLC,100200300400500,Dubai Internet City,Dubai,DU,AE,DED-100200,DED,Retail Customer 106,,"Suite 106, Business Center",Ras Al Khaimah,RK,AE,,,1,Annual Platform Support,EA,6,500.0,3000.0,E,0.0,0.0,3000.0,3000.0,3000.0
INV-2026-B-107,2026-04-06,2026-05-01,380,42,B2B,AED,Z,Adamas Tech Consulting LLC,100200300400500,Dubai Internet City,Dubai,DU,AE,DED-100200,DED,Enterprise Client 107,100801252336,"Suite 107, Business Center",Umm Al Quwain,UQ,AE,L-500107,DED,1,Data Analytics Workshop,EA,2,100.0,200.0,Z,0.0,0.0,200.0,200.0,200.0
INV-2026-B-108,2026-04-02,2026-04-23,380,30,B2B,AED,E,Adamas Tech Consulting LLC,100200300400500,Dubai Internet City,Dubai,DU,AE,DED-100200,DED,Enterprise Client 108,100809755086,"Suite 108, Business Center",Sharjah,SH,AE,L-500108,DED,1,Network Infrastructure Gear,EA,9,100.0,900.0,E,0.0,0.0,900.0,900.0,900.0
INV-2026-B-109,2026-04-03,2026-04-19,380,10,B2B,AED,E,Adamas Tech Consulting LLC,100200300400500,Dubai Internet City,Dubai,DU,AE,DED-100200,DED,Enterprise Client 109,100754509432,"Suite 109, Business Center",Fujairah,FU,AE,L-500109,DED,1,Network Infrastructure Gear,EA,8,500.0,4000.0,E,0.0,0.0,4000.0,4000.0,4000.0
INV-2026-B-110,2026-04-03,2026-04-23,380,10,B2C,AED,Z,Adamas Tech Consulting LLC,100200300400500,Dubai Internet City,Dubai,DU,AE,DED-100200,DED,Retail Customer 110,,"Suite 110, Business Center",Dubai,DU,AE,,,1,Compliance Audit Fees,EA,10,500.0,5000.0,Z,0.0,0.0,5000.0,5000.0,5000.0
INV-2026-B-111,2026-04-04,2026-04-24,380,42,B2B,AED,Z,Adamas Tech Consulting LLC,100200300400500,Dubai Internet City,Dubai,DU,AE,DED-100200,DED,Enterprise Client 111,100968311295,"Suite 111, Business Center",Abu Dhabi,AZ,AE,L-500111,DED,1,Annual Platform Support,EA,6,100.0,600.0,Z,0.0,0.0,600.0,600.0,600.0
INV-2026-B-112,2026-04-04,2026-04-20,380,42,B2B,AED,E,Adamas Tech Consulting LLC,100200300400500,Dubai Internet City,Dubai,DU,AE,DED-100200,DED,Enterprise Client 112,100381580390,"Suite 112, Business Center",Fujairah,FU,AE,L-500112,DED,1,Data Analytics Workshop,EA,3,100.0,300.0,E,0.0,0.0,300.0,300.0,300.0
INV-2026-B-113,2026-04-05,2026-04-18,380,30,B2B,AED,S,Adamas Tech Consulting LLC,100200300400500,Dubai Internet City,Dubai,DU,AE,DED-100200,DED,Enterprise Client 113,100419569692,"Suite 113, Business Center",Abu Dhabi,AZ,AE,L-500113,DED,1,Data Analytics Workshop,EA,2,1200.0,2400.0,S,0.05,120.0,2400.0,2520.0,2520.0
INV-2026-B-114,2026-04-03,2026-04-21,380,42,B2C,AED,S,Adamas Tech Consulting LLC,100200300400500,Dubai Internet City,Dubai,DU,AE,DED-100200,DED,Retail Customer 114,,"Suite 114, Business Center",Umm Al Quwain,UQ,AE,,,1,Compliance Audit Fees,EA,6,1200.0,7200.0,S,0.05,360.0,7200.0,7560.0,7560.0
INV-2026-B-115,2026-04-04,2026-05-01,380,30,B2B,AED,S,Adamas Tech Consulting LLC,100200300400500,Dubai Internet City,Dubai,DU,AE,DED-100200,DED,Enterprise Client 115,100902690338,"Suite 115, Business Center",Fujairah,FU,AE,L-500115,DED,1,Enterprise ERP License,EA,9,500.0,4500.0,S,0.05,225.0,4500.0,4725.0,4725.0
INV-2026-B-116,2026-04-03,2026-04-21,380,10,B2C,AED,S,Adamas Tech Consulting LLC,100200300400500,Dubai Internet City,Dubai,DU,AE,DED-100200,DED,Retail Customer 116,,"Suite 116, Business Center",Fujairah,FU,AE,,,1,Managed Security Services,EA,6,500.0,3000.0,S,0.05,150.0,3000.0,3150.0,3150.0
INV-2026-B-117,2026-04-04,2026-04-16,380,30,B2C,AED,E,Adamas Tech Consulting LLC,100200300400500,Dubai Internet City,Dubai,DU,AE,DED-100200,DED,Retail Customer 117,,"Suite 117, Business Center",Ras Al Khaimah,RK,AE,,,1,Network Infrastructure Gear,EA,2,500.0,1000.0,E,0.0,0.0,1000.0,1000.0,1000.0
INV-2026-B-118,2026-04-01,2026-04-29,380,30,B2C,AED,S,Adamas Tech Consulting LLC,100200300400500,Dubai Internet City,Dubai,DU,AE,DED-100200,DED,Retail Customer 118,,"Suite 118, Business Center",Fujairah,FU,AE,,,1,Annual Platform Support,EA,8,2500.0,20000.0,S,0.05,1000.0,20000.0,21000.0,21000.0
INV-2026-B-119,2026-04-02,2026-04-19,380,30,B2B,AED,Z,Adamas Tech Consulting LLC,100200300400500,Dubai Internet City,Dubai,DU,AE,DED-100200,DED,Enterprise Client 119,100130082971,"Suite 119, Business Center",Dubai,DU,AE,L-500119,DED,1,Enterprise ERP License,EA,8,1200.0,9600.0,Z,0.0,0.0,9600.0,9600.0,9600.0
INV-2026-B-120,2026-04-04,2026-04-16,380,30,B2B,AED,E,Adamas Tech Consulting LLC,100200300400500,Dubai Internet City,Dubai,DU,AE,DED-100200,DED,Enterprise Client 120,100901026936,"Suite 120, Business Center",Umm Al Quwain,UQ,AE,L-500120,DED,1,Data Analytics Workshop,EA,1,100.0,100.0,E,0.0,0.0,100.0,100.0,100.0
INV-2026-B-121,2026-04-02,2026-04-26,380,42,B2B,AED,S,Adamas Tech Consulting LLC,100200300400500,Dubai Internet City,Dubai,DU,AE,DED-100200,DED,Enterprise Client 121,100657412757,"Suite 121, Business Center",Dubai,DU,AE,L-500121,DED,1,Data Analytics Workshop,EA,6,2500.0,15000.0,S,0.05,750.0,15000.0,15750.0,15750.0
INV-2026-B-122,2026-04-06,2026-04-23,380,30,B2B,AED,Z,Adamas Tech Consulting LLC,100200300400500,Dubai Internet City,Dubai,DU,AE,DED-100200,DED,Enterprise Client 122,100792192850,"Suite 122, Business Center",Sharjah,SH,AE,L-500122,DED,1,Annual Platform Support,EA,6,500.0,3000.0,Z,0.0,0.0,3000.0,3000.0,3000.0
INV-2026-B-123,2026-04-05,2026-04-24,380,30,B2C,AED,S,Adamas Tech Consulting LLC,100200300400500,Dubai Internet City,Dubai,DU,AE,DED-100200,DED,Retail Customer 123,,"Suite 123, Business Center",Umm Al Quwain,UQ,AE,,,1,Annual Platform Support,EA,6,2500.0,15000.0,S,0.05,750.0,15000.0,15750.0,15750.0
INV-2026-B-124,2026-04-05,2026-05-01,380,10,B2C,AED,E,Adamas Tech Consulting LLC,100200300400500,Dubai Internet City,Dubai,DU,AE,DED-100200,DED,Retail Customer 124,,"Suite 124, Business Center",Sharjah,SH,AE,,,1,Strategic Cloud Consulting,EA,1,500.0,500.0,E,0.0,0.0,500.0,500.0,500.0
INV-2026-B-125,2026-04-04,2026-05-01,380,10,B2B,AED,Z,Adamas Tech Consulting LLC,100200300400500,Dubai Internet City,Dubai,DU,AE,DED-100200,DED,Enterprise Client 125,100198740778,"Suite 125, Business Center",Umm Al Quwain,UQ,AE,L-500125,DED,1,Enterprise ERP License,EA,9,100.0,900.0,Z,0.0,0.0,900.0,900.0,900.0
INV-2026-B-126,2026-04-01,2026-04-21,380,10,B2B,AED,S,Adamas Tech Consulting LLC,100200300400500,Dubai Internet City,Dubai,DU,AE,DED-100200,DED,Enterprise Client 126,100720454654,"Suite 126, Business Center",Fujairah,FU,AE,L-500126,DED,1,Managed Security Services,EA,8,1200.0,9600.0,S,0.05,480.0,9600.0,10080.0,10080.0
INV-2026-B-127,2026-04-04,2026-04-28,380,30,B2B,AED,Z,Adamas Tech Consulting LLC,100200300400500,Dubai Internet City,Dubai,DU,AE,DED-100200,DED,Enterprise Client 127,100879781059,"Suite 127, Business Center",Sharjah,SH,AE,L-500127,DED,1,Compliance Audit Fees,EA,1,1200.0,1200.0,Z,0.0,0.0,1200.0,1200.0,1200.0
INV-2026-B-128,2026-04-01,2026-04-27,380,10,B2C,AED,Z,Adamas Tech Consulting LLC,100200300400500,Dubai Internet City,Dubai,DU,AE,DED-100200,DED,Retail Customer 128,,"Suite 128, Business Center",Abu Dhabi,AZ,AE,,,1,Enterprise ERP License,EA,4,2500.0,10000.0,Z,0.0,0.0,10000.0,10000.0,10000.0
INV-2026-B-129,2026-04-03,2026-04-19,380,42,B2C,AED,E,Adamas Tech Consulting LLC,100200300400500,Dubai Internet City,Dubai,DU,AE,DED-100200,DED,Retail Customer 129,,"Suite 129, Business Center",Ajman,AJ,AE,,,1,Annual Platform Support,EA,4,1200.0,4800.0,E,0.0,0.0,4800.0,4800.0,4800.0
INV-2026-B-130,2026-04-06,2026-04-27,380,42,B2B,AED,E,Adamas Tech Consulting LLC,100200300400500,Dubai Internet City,Dubai,DU,AE,DED-100200,DED,Enterprise Client 130,100625741031,"Suite 130, Business Center",Sharjah,SH,AE,L-500130,DED,1,Data Analytics Workshop,EA,7,500.0,3500.0,E,0.0,0.0,3500.0,3500.0,3500.0
INV-2026-B-131,2026-04-03,2026-04-16,380,42,B2B,AED,Z,Adamas Tech Consulting LLC,100200300400500,Dubai Internet City,Dubai,DU,AE,DED-100200,DED,Enterprise Client 131,100482888828,"Suite 131, Business Center",Ras Al Khaimah,RK,AE,L-500131,DED,1,Enterprise ERP License,EA,5,2500.0,12500.0,Z,0.0,0.0,12500.0,12500.0,12500.0
INV-2026-B-132,2026-04-02,2026-04-16,380,10,B2B,AED,S,Adamas Tech Consulting LLC,100200300400500,Dubai Internet City,Dubai,DU,AE,DED-100200,DED,Enterprise Client 132,100795819599,"Suite 132, Business Center",Umm Al Quwain,UQ,AE,L-500132,DED,1,Network Infrastructure Gear,EA,5,500.0,2500.0,S,0.05,125.0,2500.0,2625.0,2625.0
INV-2026-B-133,2026-04-01,2026-04-21,380,30,B2B,AED,Z,Adamas Tech Consulting LLC,100200300400500,Dubai Internet City,Dubai,DU,AE,DED-100200,DED,Enterprise Client 133,100287396248,"Suite 133, Business Center",Umm Al Quwain,UQ,AE,L-500133,DED,1,Managed Security Services,EA,7,2500.0,17500.0,Z,0.0,0.0,17500.0,17500.0,17500.0
INV-2026-B-134,2026-04-02,2026-04-18,380,10,B2B,AED,E,Adamas Tech Consulting LLC,100200300400500,Dubai Internet City,Dubai,DU,AE,DED-100200,DED,Enterprise Client 134,100865971714,"Suite 134, Business Center",Ajman,AJ,AE,L-500134,DED,1,Annual Platform Support,EA,2,1200.0,2400.0,E,0.0,0.0,2400.0,2400.0,2400.0
INV-2026-B-135,2026-04-06,2026-04-22,380,10,B2B,AED,S,Adamas Tech Consulting LLC,100200300400500,Dubai Internet City,Dubai,DU,AE,DED-100200,DED,Enterprise Client 135,100278778503,"Suite 135, Business Center",Ajman,AJ,AE,L-500135,DED,1,Compliance Audit Fees,EA,3,1200.0,3600.0,S,0.05,180.0,3600.0,3780.0,3780.0
INV-2026-B-136,2026-04-02,2026-04-21,380,42,B2B,AED,E,Adamas Tech Consulting LLC,100200300400500,Dubai Internet City,Dubai,DU,AE,DED-100200,DED,Enterprise Client 136,100859964049,"Suite 136, Business Center",Dubai,DU,AE,L-500136,DED,1,Strategic Cloud Consulting,EA,9,500.0,4500.0,E,0.0,0.0,4500.0,4500.0,4500.0
INV-2026-B-137,2026-04-03,2026-04-16,380,10,B2B,AED,S,Adamas Tech Consulting LLC,100200300400500,Dubai Internet City,Dubai,DU,AE,DED-100200,DED,Enterprise Client 137,100639628567,"Suite 137, Business Center",Fujairah,FU,AE,L-500137,DED,1,Enterprise ERP License,EA,5,100.0,500.0,S,0.05,25.0,500.0,525.0,525.0
INV-2026-B-138,2026-04-04,2026-04-24,380,30,B2B,AED,E,Adamas Tech Consulting LLC,100200300400500,Dubai Internet City,Dubai,DU,AE,DED-100200,DED,Enterprise Client 138,100229335178,"Suite 138, Business Center",Abu Dhabi,AZ,AE,L-500138,DED,1,Annual Platform Support,EA,7,1200.0,8400.0,E,0.0,0.0,8400.0,8400.0,8400.0
INV-2026-B-139,2026-04-02,2026-04-22,380,42,B2C,AED,Z,Adamas Tech Consulting LLC,100200300400500,Dubai Internet City,Dubai,DU,AE,DED-100200,DED,Retail Customer 139,,"Suite 139, Business Center",Fujairah,FU,AE,,,1,Data Analytics Workshop,EA,10,100.0,1000.0,Z,0.0,0.0,1000.0,1000.0,1000.0
INV-2026-B-140,2026-04-02,2026-05-01,380,10,B2C,AED,S,Adamas Tech Consulting LLC,100200300400500,Dubai Internet City,Dubai,DU,AE,DED-100200,DED,Retail Customer 140,,"Suite 140, Business Center",Sharjah,SH,AE,,,1,Compliance Audit Fees,EA,2,2500.0,5000.0,S,0.05,250.0,5000.0,5250.0,5250.0
INV-2026-B-141,2026-04-06,2026-04-24,380,10,B2C,AED,Z,Adamas Tech Consulting LLC,100200300400500,Dubai Internet City,Dubai,DU,AE,DED-100200,DED,Retail Customer 141,,"Suite 141, Business Center",Fujairah,FU,AE,,,1,Strategic Cloud Consulting,EA,6,500.0,3000.0,Z,0.0,0.0,3000.0,3000.0,3000.0
INV-2026-B-142,2026-04-03,2026-04-30,380,30,B2C,AED,S,Adamas Tech Consulting LLC,100200300400500,Dubai Internet City,Dubai,DU,AE,DED-100200,DED,Retail Customer 142,,"Suite 142, Business Center",Abu Dhabi,AZ,AE,,,1,Managed Security Services,EA,10,2500.0,25000.0,S,0.05,1250.0,25000.0,26250.0,26250.0
INV-2026-B-143,2026-04-01,2026-04-22,380,42,B2B,AED,E,Adamas Tech Consulting LLC,100200300400500,Dubai Internet City,Dubai,DU,AE,DED-100200,DED,Enterprise Client 143,100264755927,"Suite 143, Business Center",Sharjah,SH,AE,L-500143,DED,1,Enterprise ERP License,EA,7,100.0,700.0,E,0.0,0.0,700.0,700.0,700.0
INV-2026-B-144,2026-04-03,2026-04-18,380,30,B2C,AED,S,Adamas Tech Consulting LLC,100200300400500,Dubai Internet City,Dubai,DU,AE,DED-100200,DED,Retail Customer 144,,"Suite 144, Business Center",Abu Dhabi,AZ,AE,,,1,Annual Platform Support,EA,2,1200.0,2400.0,S,0.05,120.0,2400.0,2520.0,2520.0
INV-2026-B-145,2026-04-06,2026-05-01,380,10,B2B,AED,E,Adamas Tech Consulting LLC,100200300400500,Dubai Internet City,Dubai,DU,AE,DED-100200,DED,Enterprise Client 145,100376070032,"Suite 145, Business Center",Ajman,AJ,AE,L-500145,DED,1,Data Analytics Workshop,EA,7,2500.0,17500.0,E,0.0,0.0,17500.0,17500.0,17500.0
INV-2026-B-146,2026-04-02,2026-04-26,380,42,B2B,AED,Z,Adamas Tech Consulting LLC,100200300400500,Dubai Internet City,Dubai,DU,AE,DED-100200,DED,Enterprise Client 146,100714187522,"Suite 146, Business Center",Umm Al Quwain,UQ,AE,L-500146,DED,1,Network Infrastructure Gear,EA,2,1200.0,2400.0,Z,0.0,0.0,2400.0,2400.0,2400.0
INV-2026-B-147,2026-04-06,2026-04-24,380,30,B2B,AED,S,Adamas Tech Consulting LLC,100200300400500,Dubai Internet City,Dubai,DU,AE,DED-100200,DED,Enterprise Client 147,100432758858,"Suite 147, Business Center",Ras Al Khaimah,RK,AE,L-500147,DED,1,Annual Platform Support,EA,9,1200.0,10800.0,S,0.05,540.0,10800.0,11340.0,11340.0
INV-2026-B-148,2026-04-05,2026-04-22,380,10,B2B,AED,S,Adamas Tech Consulting LLC,100200300400500,Dubai Internet City,Dubai,DU,AE,DED-100200,DED,Enterprise Client 148,100370726115,"Suite 148, Business Center",Umm Al Quwain,UQ,AE,L-500148,DED,1,Managed Security Services,EA,6,500.0,3000.0,S,0.05,150.0,3000.0,3150.0,3150.0
INV-2026-B-149,2026-04-04,2026-04-26,380,10,B2B,AED,S,Adamas Tech Consulting LLC,100200300400500,Dubai Internet City,Dubai,DU,AE,DED-100200,DED,Enterprise Client 149,100151706462,"Suite 149, Business Center",Dubai,DU,AE,L-500149,DED,1,Enterprise ERP License,EA,3,1200.0,3600.0,S,0.05,180.0,3600.0,3780.0,3780.0
INV-2026-B-150,2026-04-06,2026-04-26,380,42,B2C,AED,S,Adamas Tech Consulting LLC,100200300400500,Dubai Internet City,Dubai,DU,AE,DED-100200,DED,Retail Customer 150,,"Suite 150, Business Center",Ras Al Khaimah,RK,AE,,,1,Annual Platform Support,EA,8,1200.0,9600.0,S,0.05,480.0,9600.0,10080.0,10080.0
INV-2026-B-151,2026-04-05,2026-04-18,380,42,B2C,AED,E,Adamas Tech Consulting LLC,100200300400500,Dubai Internet City,Dubai,DU,AE,DED-100200,DED,Retail Customer 151,,"Suite 151, Business Center",Dubai,DU,AE,,,1,Data Analytics Workshop,EA,8,100.0,800.0,E,0.0,0.0,800.0,800.0,800.0
INV-2026-B-152,2026-04-06,2026-04-22,380,10,B2C,AED,E,Adamas Tech Consulting LLC,100200300400500,Dubai Internet City,Dubai,DU,AE,DED-100200,DED,Retail Customer 152,,"Suite 152, Business Center",Dubai,DU,AE,,,1,Enterprise ERP License,EA,3,1200.0,3600.0,E,0.0,0.0,3600.0,3600.0,3600.0
INV-2026-B-153,2026-04-03,2026-04-21,380,42,B2B,AED,E,Adamas Tech Consulting LLC,100200300400500,Dubai Internet City,Dubai,DU,AE,DED-100200,DED,Enterprise Client 153,100379343923,"Suite 153, Business Center",Fujairah,FU,AE,L-500153,DED,1,Data Analytics Workshop,EA,3,2500.0,7500.0,E,0.0,0.0,7500.0,7500.0,7500.0
INV-2026-B-154,2026-04-05,2026-04-16,380,10,B2C,AED,S,Adamas Tech Consulting LLC,100200300400500,Dubai Internet City,Dubai,DU,AE,DED-100200,DED,Retail Customer 154,,"Suite 154, Business Center",Abu Dhabi,AZ,AE,,,1,Data Analytics Workshop,EA,3,2500.0,7500.0,S,0.05,375.0,7500.0,7875.0,7875.0
INV-2026-B-155,2026-04-05,2026-04-26,380,10,B2B,AED,Z,Adamas Tech Consulting LLC,100200300400500,Dubai Internet City,Dubai,DU,AE,DED-100200,DED,Enterprise Client 155,100527787896,"Suite 155, Business Center",Abu Dhabi,AZ,AE,L-500155,DED,1,Managed Security Services,EA,8,100.0,800.0,Z,0.0,0.0,800.0,800.0,800.0
INV-2026-B-156,2026-04-05,2026-04-22,380,42,B2C,AED,Z,Adamas Tech Consulting LLC,100200300400500,Dubai Internet City,Dubai,DU,AE,DED-100200,DED,Retail Customer 156,,"Suite 156, Business Center",Ras Al Khaimah,RK,AE,,,1,Enterprise ERP License,EA,2,500.0,1000.0,Z,0.0,0.0,1000.0,1000.0,1000.0
INV-2026-B-157,2026-04-06,2026-04-23,380,42,B2B,AED,S,Adamas Tech Consulting LLC,100200300400500,Dubai Internet City,Dubai,DU,AE,DED-100200,DED,Enterprise Client 157,100290522884,"Suite 157, Business Center",Fujairah,FU,AE,L-500157,DED,1,Enterprise ERP License,EA,1,1200.0,1200.0,S,0.05,60.0,1200.0,1260.0,1260.0
INV-2026-B-158,2026-04-01,2026-04-21,380,30,B2B,AED,Z,Adamas Tech Consulting LLC,100200300400500,Dubai Internet City,Dubai,DU,AE,DED-100200,DED,Enterprise Client 158,100657340266,"Suite 158, Business Center",Umm Al Quwain,UQ,AE,L-500158,DED,1,Strategic Cloud Consulting,EA,5,100.0,500.0,Z,0.0,0.0,500.0,500.0,500.0
INV-2026-B-159,2026-04-03,2026-04-18,380,10,B2B,AED,S,Adamas Tech Consulting LLC,100200300400500,Dubai Internet City,Dubai,DU,AE,DED-100200,DED,Enterprise Client 159,100769038752,"Suite 159, Business Center",Sharjah,SH,AE,L-500159,DED,1,Managed Security Services,EA,1,500.0,500.0,S,0.05,25.0,500.0,525.0,525.0
INV-2026-B-160,2026-04-05,2026-04-29,380,10,B2C,AED,E,Adamas Tech Consulting LLC,100200300400500,Dubai Internet City,Dubai,DU,AE,DED-100200,DED,Retail Customer 160,,"Suite 160, Business Center",Ajman,AJ,AE,,,1,Strategic Cloud Consulting,EA,7,500.0,3500.0,E,0.0,0.0,3500.0,3500.0,3500.0
INV-2026-B-161,2026-04-03,2026-04-28,380,10,B2C,AED,S,Adamas Tech Consulting LLC,100200300400500,Dubai Internet City,Dubai,DU,AE,DED-100200,DED,Retail Customer 161,,"Suite 161, Business Center",Dubai,DU,AE,,,1,Annual Platform Support,EA,3,500.0,1500.0,S,0.05,75.0,1500.0,1575.0,1575.0
INV-2026-B-162,2026-04-03,2026-04-18,380,30,B2B,AED,Z,Adamas Tech Consulting LLC,100200300400500,Dubai Internet City,Dubai,DU,AE,DED-100200,DED,Enterprise Client 162,100561180055,"Suite 162, Business Center",Ras Al Khaimah,RK,AE,L-500162,DED,1,Managed Security Services,EA,2,500.0,1000.0,Z,0.0,0.0,1000.0,1000.0,1000.0
INV-2026-B-163,2026-04-03,2026-04-20,380,30,B2B,AED,Z,Adamas Tech Consulting LLC,100200300400500,Dubai Internet City,Dubai,DU,AE,DED-100200,DED,Enterprise Client 163,100267748729,"Suite 163, Business Center",Sharjah,SH,AE,L-500163,DED,1,Data Analytics Workshop,EA,6,1200.0,7200.0,Z,0.0,0.0,7200.0,7200.0,7200.0
INV-2026-B-164,2026-04-01,2026-04-29,380,10,B2B,AED,E,Adamas Tech Consulting LLC,100200300400500,Dubai Internet City,Dubai,DU,AE,DED-100200,DED,Enterprise Client 164,100588665562,"Suite 164, Business Center",Umm Al Quwain,UQ,AE,L-500164,DED,1,Annual Platform Support,EA,6,1200.0,7200.0,E,0.0,0.0,7200.0,7200.0,7200.0
INV-2026-B-165,2026-04-02,2026-04-16,380,42,B2B,AED,S,Adamas Tech Consulting LLC,100200300400500,Dubai Internet City,Dubai,DU,AE,DED-100200,DED,Enterprise Client 165,100402362521,"Suite 165, Business Center",Sharjah,SH,AE,L-500165,DED,1,Network Infrastructure Gear,EA,8,500.0,4000.0,S,0.05,200.0,4000.0,4200.0,4200.0
INV-2026-B-166,2026-04-06,2026-04-25,380,30,B2B,AED,Z,Adamas Tech Consulting LLC,100200300400500,Dubai Internet City,Dubai,DU,AE,DED-100200,DED,Enterprise Client 166,100134545544,"Suite 166, Business Center",Ras Al Khaimah,RK,AE,L-500166,DED,1,Data Analytics Workshop,EA,6,100.0,600.0,Z,0.0,0.0,600.0,600.0,600.0
INV-2026-B-167,2026-04-03,2026-04-26,380,42,B2B,AED,E,Adamas Tech Consulting LLC,100200300400500,Dubai Internet City,Dubai,DU,AE,DED-100200,DED,Enterprise Client 167,100493630854,"Suite 167, Business Center",Dubai,DU,AE,L-500167,DED,1,Managed Security Services,EA,8,500.0,4000.0,E,0.0,0.0,4000.0,4000.0,4000.0
INV-2026-B-168,2026-04-03,2026-04-25,380,42,B2C,AED,Z,Adamas Tech Consulting LLC,100200300400500,Dubai Internet City,Dubai,DU,AE,DED-100200,DED,Retail Customer 168,,"Suite 168, Business Center",Abu Dhabi,AZ,AE,,,1,Annual Platform Support,EA,4,500.0,2000.0,Z,0.0,0.0,2000.0,2000.0,2000.0
INV-2026-B-169,2026-04-06,2026-04-29,380,30,B2C,AED,E,Adamas Tech Consulting LLC,100200300400500,Dubai Internet City,Dubai,DU,AE,DED-100200,DED,Retail Customer 169,,"Suite 169, Business Center",Umm Al Quwain,UQ,AE,,,1,Enterprise ERP License,EA,6,2500.0,15000.0,E,0.0,0.0,15000.0,15000.0,15000.0
INV-2026-B-170,2026-04-01,2026-05-01,380,10,B2B,AED,S,Adamas Tech Consulting LLC,100200300400500,Dubai Internet City,Dubai,DU,AE,DED-100200,DED,Enterprise Client 170,100875126141,"Suite 170, Business Center",Fujairah,FU,AE,L-500170,DED,1,Network Infrastructure Gear,EA,3,2500.0,7500.0,S,0.05,375.0,7500.0,7875.0,7875.0
INV-2026-B-171,2026-04-04,2026-04-23,380,10,B2C,AED,S,Adamas Tech Consulting LLC,100200300400500,Dubai Internet City,Dubai,DU,AE,DED-100200,DED,Retail Customer 171,,"Suite 171, Business Center",Abu Dhabi,AZ,AE,,,1,Strategic Cloud Consulting,EA,6,100.0,600.0,S,0.05,30.0,600.0,630.0,630.0
INV-2026-B-172,2026-04-04,2026-04-16,380,30,B2B,AED,E,Adamas Tech Consulting LLC,100200300400500,Dubai Internet City,Dubai,DU,AE,DED-100200,DED,Enterprise Client 172,100654201027,"Suite 172, Business Center",Sharjah,SH,AE,L-500172,DED,1,Data Analytics Workshop,EA,1,2500.0,2500.0,E,0.0,0.0,2500.0,2500.0,2500.0
INV-2026-B-173,2026-04-03,2026-04-26,380,10,B2C,AED,S,Adamas Tech Consulting LLC,100200300400500,Dubai Internet City,Dubai,DU,AE,DED-100200,DED,Retail Customer 173,,"Suite 173, Business Center",Ajman,AJ,AE,,,1,Annual Platform Support,EA,4,2500.0,10000.0,S,0.05,500.0,10000.0,10500.0,10500.0
INV-2026-B-174,2026-04-05,2026-04-24,380,10,B2B,AED,Z,Adamas Tech Consulting LLC,100200300400500,Dubai Internet City,Dubai,DU,AE,DED-100200,DED,Enterprise Client 174,100929240793,"Suite 174, Business Center",Sharjah,SH,AE,L-500174,DED,1,Managed Security Services,EA,9,500.0,4500.0,Z,0.0,0.0,4500.0,4500.0,4500.0
INV-2026-B-175,2026-04-02,2026-04-18,380,10,B2B,AED,Z,Adamas Tech Consulting LLC,100200300400500,Dubai Internet City,Dubai,DU,AE,DED-100200,DED,Enterprise Client 175,100844778586,"Suite 175, Business Center",Ajman,AJ,AE,L-500175,DED,1,Enterprise ERP License,EA,1,2500.0,2500.0,Z,0.0,0.0,2500.0,2500.0,2500.0
INV-2026-B-176,2026-04-03,2026-04-23,380,30,B2B,AED,Z,Adamas Tech Consulting LLC,100200300400500,Dubai Internet City,Dubai,DU,AE,DED-100200,DED,Enterprise Client 176,100809966089,"Suite 176, Business Center",Ajman,AJ,AE,L-500176,DED,1,Enterprise ERP License,EA,2,100.0,200.0,Z,0.0,0.0,200.0,200.0,200.0
INV-2026-B-177,2026-04-06,2026-04-26,380,10,B2B,AED,S,Adamas Tech Consulting LLC,100200300400500,Dubai Internet City,Dubai,DU,AE,DED-100200,DED,Enterprise Client 177,100917927727,"Suite 177, Business Center",Ras Al Khaimah,RK,AE,L-500177,DED,1,Annual Platform Support,EA,10,500.0,5000.0,S,0.05,250.0,5000.0,5250.0,5250.0
INV-2026-B-178,2026-04-06,2026-04-20,380,10,B2B,AED,S,Adamas Tech Consulting LLC,100200300400500,Dubai Internet City,Dubai,DU,AE,DED-100200,DED,Enterprise Client 178,100901784598,"Suite 178, Business Center",Abu Dhabi,AZ,AE,L-500178,DED,1,Managed Security Services,EA,9,100.0,900.0,S,0.05,45.0,900.0,945.0,945.0
INV-2026-B-179,2026-04-01,2026-04-17,380,42,B2C,AED,S,Adamas Tech Consulting LLC,100200300400500,Dubai Internet City,Dubai,DU,AE,DED-100200,DED,Retail Customer 179,,"Suite 179, Business Center",Dubai,DU,AE,,,1,Managed Security Services,EA,2,2500.0,5000.0,S,0.05,250.0,5000.0,5250.0,5250.0
INV-2026-B-180,2026-04-06,2026-04-28,380,10,B2B,AED,Z,Adamas Tech Consulting LLC,100200300400500,Dubai Internet City,Dubai,DU,AE,DED-100200,DED,Enterprise Client 180,100468736920,"Suite 180, Business Center",Dubai,DU,AE,L-500180,DED,1,Managed Security Services,EA,6,2500.0,15000.0,Z,0.0,0.0,15000.0,15000.0,15000.0
INV-2026-B-181,2026-04-06,2026-04-19,380,42,B2B,AED,S,Adamas Tech Consulting LLC,100200300400500,Dubai Internet City,Dubai,DU,AE,DED-100200,DED,Enterprise Client 181,100231655568,"Suite 181, Business Center",Sharjah,SH,AE,L-500181,DED,1,Compliance Audit Fees,EA,7,100.0,700.0,S,0.05,35.0,700.0,735.0,735.0
INV-2026-B-182,2026-04-02,2026-04-25,380,10,B2C,AED,Z,Adamas Tech Consulting LLC,100200300400500,Dubai Internet City,Dubai,DU,AE,DED-100200,DED,Retail Customer 182,,"Suite 182, Business Center",Dubai,DU,AE,,,1,Enterprise ERP License,EA,4,1200.0,4800.0,Z,0.0,0.0,4800.0,4800.0,4800.0
INV-2026-B-183,2026-04-06,2026-04-17,380,30,B2C,AED,E,Adamas Tech Consulting LLC,100200300400500,Dubai Internet City,Dubai,DU,AE,DED-100200,DED,Retail Customer 183,,"Suite 183, Business Center",Sharjah,SH,AE,,,1,Network Infrastructure Gear,EA,4,100.0,400.0,E,0.0,0.0,400.0,400.0,400.0
INV-2026-B-184,2026-04-03,2026-04-21,380,30,B2C,AED,Z,Adamas Tech Consulting LLC,100200300400500,Dubai Internet City,Dubai,DU,AE,DED-100200,DED,Retail Customer 184,,"Suite 184, Business Center",Ajman,AJ,AE,,,1,Managed Security Services,EA,5,2500.0,12500.0,Z,0.0,0.0,12500.0,12500.0,12500.0
INV-2026-B-185,2026-04-05,2026-04-24,380,30,B2B,AED,S,Adamas Tech Consulting LLC,100200300400500,Dubai Internet City,Dubai,DU,AE,DED-100200,DED,Enterprise Client 185,100856133544,"Suite 185, Business Center",Ajman,AJ,AE,L-500185,DED,1,Network Infrastructure Gear,EA,1,1200.0,1200.0,S,0.05,60.0,1200.0,1260.0,1260.0
INV-2026-B-186,2026-04-03,2026-04-17,380,42,B2B,AED,E,Adamas Tech Consulting LLC,100200300400500,Dubai Internet City,Dubai,DU,AE,DED-100200,DED,Enterprise Client 186,100105765064,"Suite 186, Business Center",Fujairah,FU,AE,L-500186,DED,1,Managed Security Services,EA,6,100.0,600.0,E,0.0,0.0,600.0,600.0,600.0
INV-2026-B-187,2026-04-04,2026-04-19,380,10,B2B,AED,S,Adamas Tech Consulting LLC,100200300400500,Dubai Internet City,Dubai,DU,AE,DED-100200,DED,Enterprise Client 187,100272365235,"Suite 187, Business Center",Abu Dhabi,AZ,AE,L-500187,DED,1,Data Analytics Workshop,EA,2,2500.0,5000.0,S,0.05,250.0,5000.0,5250.0,5250.0
INV-2026-B-188,2026-04-05,2026-04-26,380,30,B2B,AED,E,Adamas Tech Consulting LLC,100200300400500,Dubai Internet City,Dubai,DU,AE,DED-100200,DED,Enterprise Client 188,100900995629,"Suite 188, Business Center",Sharjah,SH,AE,L-500188,DED,1,Managed Security Services,EA,9,1200.0,10800.0,E,0.0,0.0,10800.0,10800.0,10800.0
INV-2026-B-189,2026-04-03,2026-04-28,380,30,B2B,AED,Z,Adamas Tech Consulting LLC,100200300400500,Dubai Internet City,Dubai,DU,AE,DED-100200,DED,Enterprise Client 189,100326903237,"Suite 189, Business Center",Umm Al Quwain,UQ,AE,L-500189,DED,1,Enterprise ERP License,EA,1,500.0,500.0,Z,0.0,0.0,500.0,500.0,500.0
INV-2026-B-190,2026-04-03,2026-04-17,380,10,B2C,AED,E,Adamas Tech Consulting LLC,100200300400500,Dubai Internet City,Dubai,DU,AE,DED-100200,DED,Retail Customer 190,,"Suite 190, Business Center",Ajman,AJ,AE,,,1,Compliance Audit Fees,EA,4,2500.0,10000.0,E,0.0,0.0,10000.0,10000.0,10000.0
INV-2026-B-191,2026-04-03,2026-04-21,380,42,B2C,AED,Z,Adamas Tech Consulting LLC,100200300400500,Dubai Internet City,Dubai,DU,AE,DED-100200,DED,Retail Customer 191,,"Suite 191, Business Center",Dubai,DU,AE,,,1,Managed Security Services,EA,3,500.0,1500.0,Z,0.0,0.0,1500.0,1500.0,1500.0
INV-2026-B-192,2026-04-01,2026-05-01,380,42,B2B,AED,S,Adamas Tech Consulting LLC,100200300400500,Dubai Internet City,Dubai,DU,AE,DED-100200,DED,Enterprise Client 192,100941085064,"Suite 192, Business Center",Ras Al Khaimah,RK,AE,L-500192,DED,1,Compliance Audit Fees,EA,8,1200.0,9600.0,S,0.05,480.0,9600.0,10080.0,10080.0
INV-2026-B-193,2026-04-05,2026-04-25,380,42,B2B,AED,S,Adamas Tech Consulting LLC,100200300400500,Dubai Internet City,Dubai,DU,AE,DED-100200,DED,Enterprise Client 193,100289992518,"Suite 193, Business Center",Ras Al Khaimah,RK,AE,L-500193,DED,1,Annual Platform Support,EA,10,500.0,5000.0,S,0.05,250.0,5000.0,5250.0,5250.0
INV-2026-B-194,2026-04-03,2026-04-17,380,42,B2B,AED,Z,Adamas Tech Consulting LLC,100200300400500,Dubai Internet City,Dubai,DU,AE,DED-100200,DED,Enterprise Client 194,100448288410,"Suite 194, Business Center",Sharjah,SH,AE,L-500194,DED,1,Annual Platform Support,EA,8,100.0,800.0,Z,0.0,0.0,800.0,800.0,800.0
INV-2026-B-195,2026-04-05,2026-04-25,380,42,B2B,AED,E,Adamas Tech Consulting LLC,100200300400500,Dubai Internet City,Dubai,DU,AE,DED-100200,DED,Enterprise Client 195,100937742413,"Suite 195, Business Center",Fujairah,FU,AE,L-500195,DED,1,Network Infrastructure Gear,EA,6,1200.0,7200.0,E,0.0,0.0,7200.0,7200.0,7200.0
INV-2026-B-196,2026-04-03,2026-04-17,380,30,B2C,AED,Z,Adamas Tech Consulting LLC,100200300400500,Dubai Internet City,Dubai,DU,AE,DED-100200,DED,Retail Customer 196,,"Suite 196, Business Center",Ras Al Khaimah,RK,AE,,,1,Network Infrastructure Gear,EA,4,500.0,2000.0,Z,0.0,0.0,2000.0,2000.0,2000.0
INV-2026-B-197,2026-04-06,2026-04-22,380,42,B2B,AED,Z,Adamas Tech Consulting LLC,100200300400500,Dubai Internet City,Dubai,DU,AE,DED-100200,DED,Enterprise Client 197,100667197516,"Suite 197, Business Center",Dubai,DU,AE,L-500197,DED,1,Compliance Audit Fees,EA,4,1200.0,4800.0,Z,0.0,0.0,4800.0,4800.0,4800.0
INV-2026-B-198,2026-04-02,2026-04-19,380,42,B2B,AED,Z,Adamas Tech Consulting LLC,100200300400500,Dubai Internet City,Dubai,DU,AE,DED-100200,DED,Enterprise Client 198,100518222950,"Suite 198, Business Center",Umm Al Quwain,UQ,AE,L-500198,DED,1,Network Infrastructure Gear,EA,6,500.0,3000.0,Z,0.0,0.0,3000.0,3000.0,3000.0
INV-2026-B-199,2026-04-04,2026-04-20,380,30,B2B,AED,Z,Adamas Tech Consulting LLC,100200300400500,Dubai Internet City,Dubai,DU,AE,DED-100200,DED,Enterprise Client 199,100172257436,"Suite 199, Business Center",Sharjah,SH,AE,L-500199,DED,1,Compliance Audit Fees,EA,9,2500.0,22500.0,Z,0.0,0.0,22500.0,22500.0,22500.0
INV-2026-B-200,2026-04-03,2026-04-20,380,10,B2C,AED,E,Adamas Tech Consulting LLC,100200300400500,Dubai Internet City,Dubai,DU,AE,DED-100200,DED,Retail Customer 200,,"Suite 200, Business Center",Abu Dhabi,AZ,AE,,,1,Enterprise ERP License,EA,4,100.0,400.0,E,0.0,0.0,400.0,400.0,400.0
